{"cameraMode":{"drawMode":0,"name":"Shaded","section":"Shading Mode"},"sceneLighting":true,"audioPlay":false,"sceneViewState":{"m_AlwaysRefresh":false,"showFog":true,"showSkybox":true,"showFlares":true,"showImageEffects":true,"showParticleSystems":true,"showVisualEffectGraphs":true,"m_FxEnabled":true},"in2DMode":false,"pivot":{"x":19.662357330322267,"y":25.407106399536134,"z":11.387589454650879},"rotation":{"x":0.22297993302345277,"y":-0.5985073447227478,"z":0.17829562723636628,"w":0.7486345767974854},"size":5.801599979400635,"orthographic":false}