{"cameraMode":{"drawMode":0,"name":"Shaded","section":"Shading Mode"},"sceneLighting":true,"audioPlay":false,"sceneViewState":{"m_AlwaysRefresh":false,"showFog":true,"showSkybox":true,"showFlares":true,"showImageEffects":true,"showParticleSystems":true,"showVisualEffectGraphs":true,"m_FxEnabled":true},"in2DMode":false,"pivot":{"x":-1.8382072448730469,"y":4.681231498718262,"z":-7.366426944732666},"rotation":{"x":0.14750242233276368,"y":0.07795805484056473,"z":-0.011630677618086338,"w":0.985951840877533},"size":11.008492469787598,"orthographic":false}